invoice_id,amount,status,is_simulated
INV0,79100.92,PAID,True
INV1,91435.5,PAID,True
INV2,95107.59,PAID,True
INV3,56801.62,PENDING,True
INV4,2639.11,PAID,True
INV5,99481.4,PENDING,True
INV6,17478.9,PENDING,True
INV7,74276.12,PENDING,True
INV8,86236.98,PAID,True
INV9,96334.94,PAID,True
INV10,94115.52,PAID,True
INV11,12049.17,PENDING,True
INV12,24286.18,PAID,True
INV13,80492.35,PENDING,True
INV14,98310.4,PAID,True
INV15,32937.84,PAID,True
INV16,36817.99,PAID,True
INV17,42003.96,PENDING,True
INV18,33281.33,PAID,True
INV19,16430.15,PAID,True
INV20,47465.8,PAID,True
INV21,18037.59,PAID,True
INV22,82651.56,PENDING,True
INV23,37436.83,PAID,True
INV24,38158.61,PAID,True
INV25,23674.39,PAID,True
INV26,55780.54,PAID,True
INV27,20118.81,PAID,True
INV28,96073.96,PAID,True
INV29,5384.21,PAID,True
INV30,29752.85,PAID,True
INV31,33612.49,PAID,True
INV32,76931.01,PENDING,True
INV33,62658.9,PAID,True
INV34,77666.25,PAID,True
INV35,62270.5,PAID,True
INV36,71955.83,PENDING,True
INV37,95618.34,PENDING,True
INV38,39787.27,PAID,True
INV39,64718.43,PAID,True
INV40,80374.05,PAID,True
INV41,17483.39,PENDING,True
INV42,55283.19,PAID,True
INV43,93151.54,PAID,True
INV44,39608.83,PAID,True
INV45,40305.18,PAID,True
INV46,45405.23,PENDING,True
INV47,41613.31,PAID,True
INV48,97093.16,PAID,True
INV49,5693.12,PENDING,True
INV50,43241.28,PAID,True
INV51,17851.91,PAID,True
INV52,13658.47,PAID,True
INV53,38243.22,PAID,True
INV54,19866.47,PAID,True
INV55,42097.08,PAID,True
INV56,30596.55,PAID,True
INV57,21932.58,PAID,True
INV58,57299.27,PAID,True
INV59,38526.63,PENDING,True
INV60,16534.19,PENDING,True
INV61,41530.69,PAID,True
INV62,52424.32,PAID,True
INV63,97605.9,PAID,True
INV64,45266.04,PAID,True
INV65,54562.2,PENDING,True
INV66,17077.64,PAID,True
INV67,4892.99,PAID,True
INV68,70420.87,PENDING,True
INV69,16444.62,PENDING,True
INV70,96915.43,PENDING,True
INV71,4752.32,PAID,True
INV72,73220.96,PAID,True
INV73,70040.34,PAID,True
INV74,36600.69,PAID,True
INV75,44968.18,PAID,True
INV76,74441.79,PAID,True
INV77,71164.75,PAID,True
INV78,46854.6,PAID,True
INV79,57028.41,PAID,True
INV80,65193.13,PAID,True
INV81,29195.88,PAID,True
INV82,38128.68,PAID,True
INV83,43304.19,PENDING,True
INV84,42383.73,PAID,True
INV85,19662.38,PENDING,True
INV86,26000.69,PAID,True
INV87,62579.56,PAID,True
INV88,73251.82,PAID,True
INV89,51846.24,PENDING,True
INV90,47632.93,PAID,True
INV91,2728.78,PAID,True
INV92,59202.14,PAID,True
INV93,40823.65,PAID,True
INV94,26181.35,PENDING,True
INV95,16337.21,PAID,True
INV96,77903.05,PAID,True
INV97,45187.77,PAID,True
INV98,1865.59,PENDING,True
INV99,42954.76,PAID,True
INV100,4751.13,PAID,True
INV101,80764.29,PENDING,True
INV102,58611.52,PENDING,True
INV103,66863.12,PAID,True
INV104,65847.9,PAID,True
INV105,68297.29,PAID,True
INV106,37164.89,PAID,True
INV107,22119.33,PENDING,True
INV108,19364.94,PAID,True
INV109,90654.88,PENDING,True
INV110,63928.46,PAID,True
INV111,38506.57,PENDING,True
INV112,97277.83,PAID,True
INV113,81724.11,PAID,True
INV114,13112.29,PAID,True
INV115,28005.82,PENDING,True
INV116,80002.08,PAID,True
INV117,55432.5,PAID,True
INV118,24742.04,PAID,True
INV119,78424.01,PAID,True
INV120,91101.61,PENDING,True
INV121,61384.87,PAID,True
INV122,87871.41,PAID,True
INV123,53304.29,PAID,True
INV124,51525.59,PAID,True
INV125,96983.1,PAID,True
INV126,10322.92,PENDING,True
INV127,73169.43,PENDING,True
INV128,64284.1,PAID,True
INV129,67615.95,PAID,True
INV130,56367.5,PAID,True
INV131,2551.22,PENDING,True
INV132,58947.72,PAID,True
INV133,5234.25,PAID,True
INV134,45159.51,PAID,True
INV135,86055.19,PAID,True
INV136,1905.74,PAID,True
INV137,87309.62,PAID,True
INV138,73531.5,PAID,True
INV139,78169.4,PAID,True
INV140,91966.6,PAID,True
INV141,54809.56,PENDING,True
INV142,67040.98,PAID,True
INV143,76942.15,PAID,True
INV144,9614.25,PAID,True
INV145,92425.63,PAID,True
INV146,56793.29,PENDING,True
INV147,15864.59,PAID,True
INV148,43070.43,PAID,True
INV149,35225.0,PAID,True
INV150,34745.91,PAID,True
INV151,94418.02,PENDING,True
INV152,59487.73,PAID,True
INV153,43591.04,PENDING,True
INV154,71962.31,PAID,True
INV155,72021.66,PAID,True
INV156,75857.22,PAID,True
INV157,47542.81,PENDING,True
INV158,50890.72,PAID,True
INV159,12065.09,PAID,True
INV160,82443.0,PAID,True
INV161,34781.08,PAID,True
INV162,24215.08,PAID,True
INV163,65036.2,PAID,True
INV164,45787.64,PAID,True
INV165,27722.55,PAID,True
INV166,96119.09,PAID,True
INV167,59476.91,PAID,True
INV168,23376.3,PAID,True
INV169,75364.51,PAID,True
INV170,97239.6,PAID,True
INV171,16378.14,PAID,True
INV172,97491.24,PAID,True
INV173,65594.7,PAID,True
INV174,66862.15,PENDING,True
INV175,62644.26,PAID,True
INV176,75347.52,PAID,True
INV177,87074.84,PAID,True
INV178,26509.93,PAID,True
INV179,77090.21,PAID,True
INV180,32257.76,PAID,True
INV181,47747.58,PAID,True
INV182,32203.21,PAID,True
INV183,75718.42,PAID,True
INV184,53816.81,PAID,True
INV185,62996.84,PAID,True
INV186,95371.0,PAID,True
INV187,69734.38,PENDING,True
INV188,83325.92,PAID,True
INV189,86281.56,PAID,True
INV190,90315.97,PAID,True
INV191,81440.53,PAID,True
INV192,74733.32,PAID,True
INV193,66603.71,PAID,True
INV194,85284.02,PAID,True
INV195,16699.93,PAID,True
INV196,52124.65,PAID,True
INV197,6488.99,PAID,True
INV198,4716.15,PAID,True
INV199,21142.36,PAID,True
INV200,5155.22,PENDING,True
INV201,61328.7,PENDING,True
INV202,88714.77,PENDING,True
INV203,76268.77,PENDING,True
INV204,2456.43,PAID,True
INV205,10965.62,PAID,True
INV206,29805.82,PAID,True
INV207,34662.71,PENDING,True
INV208,34166.82,PAID,True
INV209,76324.07,PAID,True
INV210,57578.08,PENDING,True
INV211,90389.8,PAID,True
INV212,27702.67,PENDING,True
INV213,5015.85,PAID,True
INV214,15410.17,PAID,True
INV215,33509.53,PAID,True
INV216,68939.39,PENDING,True
INV217,45936.46,PAID,True
INV218,71528.99,PAID,True
INV219,68251.92,PENDING,True
INV220,50021.23,PAID,True
INV221,75810.92,PENDING,True
INV222,37351.05,PAID,True
INV223,27479.58,PAID,True
INV224,67717.2,PAID,True
INV225,44380.56,PENDING,True
INV226,53451.52,PAID,True
INV227,34542.84,PAID,True
INV228,9278.07,PAID,True
INV229,81767.82,PAID,True
INV230,10606.6,PAID,True
INV231,39396.53,PAID,True
INV232,36087.42,PAID,True
INV233,42902.91,PAID,True
INV234,49938.07,PAID,True
INV235,2072.22,PAID,True
INV236,82690.51,PAID,True
INV237,90752.16,PAID,True
INV238,57064.75,PAID,True
INV239,37179.58,PAID,True
INV240,6799.36,PENDING,True
INV241,50533.22,PAID,True
INV242,51336.94,PAID,True
INV243,75827.79,PAID,True
INV244,37999.22,PENDING,True
INV245,34825.76,PAID,True
INV246,71342.24,PAID,True
INV247,44182.55,PAID,True
INV248,59988.64,PAID,True
INV249,38566.99,PENDING,True
INV250,82640.59,PENDING,True
INV251,61591.43,PENDING,True
INV252,43599.29,PAID,True
INV253,16095.63,PAID,True
INV254,11019.09,PAID,True
INV255,12207.72,PENDING,True
INV256,31337.15,PAID,True
INV257,50041.8,PAID,True
INV258,80453.14,PENDING,True
INV259,94120.61,PAID,True
INV260,51643.96,PENDING,True
INV261,85700.2,PAID,True
INV262,63716.69,PAID,True
INV263,56536.28,PAID,True
INV264,46520.49,PAID,True
INV265,31148.12,PENDING,True
INV266,36851.28,PENDING,True
INV267,14523.68,PAID,True
INV268,15111.48,PAID,True
INV269,36915.87,PAID,True
INV270,95156.65,PENDING,True
INV271,25032.88,PAID,True
INV272,66015.06,PAID,True
INV273,13816.08,PAID,True
INV274,67856.6,PAID,True
INV275,75096.94,PENDING,True
INV276,54170.17,PENDING,True
INV277,32518.21,PAID,True
INV278,62737.19,PAID,True
INV279,86926.12,PAID,True
INV280,14068.43,PENDING,True
INV281,32013.78,PAID,True
INV282,40866.03,PAID,True
INV283,96736.77,PAID,True
INV284,21047.18,PAID,True
INV285,71513.16,PAID,True
INV286,46182.5,PAID,True
INV287,88296.93,PAID,True
INV288,85778.23,PAID,True
INV289,64474.41,PENDING,True
INV290,83799.7,PENDING,True
INV291,38616.02,PENDING,True
INV292,96883.45,PAID,True
INV293,17179.94,PAID,True
INV294,5962.47,PENDING,True
INV295,5190.8,PAID,True
INV296,12017.86,PAID,True
INV297,19235.86,PAID,True
INV298,39525.0,PENDING,True
INV299,61350.75,PAID,True
INV300,22781.52,PAID,True
INV301,57617.71,PAID,True
INV302,29119.39,PAID,True
INV303,10215.27,PAID,True
INV304,10401.63,PENDING,True
INV305,78345.87,PAID,True
INV306,80860.11,PAID,True
INV307,37419.19,PAID,True
INV308,31543.77,PENDING,True
INV309,52841.34,PENDING,True
INV310,90297.62,PAID,True
INV311,35912.51,PAID,True
INV312,4958.96,PAID,True
INV313,82737.64,PAID,True
INV314,40719.92,PENDING,True
INV315,83380.69,PAID,True
INV316,74800.98,PAID,True
INV317,83902.94,PAID,True
INV318,43271.82,PENDING,True
INV319,96469.22,PAID,True
INV320,37978.35,PAID,True
INV321,91222.54,PENDING,True
INV322,61830.08,PAID,True
INV323,36536.45,PAID,True
INV324,66333.73,PAID,True
INV325,5602.66,PAID,True
INV326,97683.56,PENDING,True
INV327,64443.03,PAID,True
INV328,13291.07,PENDING,True
INV329,9800.23,PAID,True
INV330,43582.13,PENDING,True
INV331,6735.57,PAID,True
INV332,77532.94,PAID,True
INV333,37989.29,PAID,True
INV334,95271.53,PAID,True
INV335,39287.99,PAID,True
INV336,17828.48,PENDING,True
INV337,42059.59,PENDING,True
INV338,96352.67,PAID,True
INV339,46442.93,PENDING,True
INV340,14186.76,PENDING,True
INV341,52571.66,PAID,True
INV342,41618.96,PAID,True
INV343,82785.11,PAID,True
INV344,71919.28,PAID,True
INV345,1269.44,PAID,True
INV346,23705.99,PAID,True
INV347,73559.95,PAID,True
INV348,98307.59,PAID,True
INV349,65873.09,PAID,True
INV350,55547.0,PENDING,True
INV351,88681.17,PAID,True
INV352,83772.2,PAID,True
INV353,83973.3,PAID,True
INV354,69264.9,PAID,True
INV355,45717.55,PAID,True
INV356,51860.36,PENDING,True
INV357,9780.46,PAID,True
INV358,37396.68,PAID,True
INV359,58666.12,PAID,True
INV360,53454.69,PAID,True
INV361,96098.02,PENDING,True
INV362,11044.4,PAID,True
INV363,42770.91,PAID,True
INV364,43415.09,PAID,True
INV365,6592.84,PAID,True
INV366,89496.53,PAID,True
INV367,51170.67,PAID,True
INV368,12742.37,PENDING,True
INV369,82687.51,PAID,True
INV370,56923.07,PAID,True
INV371,60822.17,PENDING,True
INV372,78312.93,PAID,True
INV373,70816.04,PAID,True
INV374,45919.5,PAID,True
INV375,51673.49,PAID,True
INV376,18682.47,PENDING,True
INV377,55132.64,PAID,True
INV378,54853.38,PENDING,True
INV379,58941.22,PAID,True
INV380,17629.99,PAID,True
INV381,16524.99,PENDING,True
INV382,90417.08,PAID,True
INV383,42860.14,PAID,True
INV384,67943.53,PAID,True
INV385,16441.61,PENDING,True
INV386,63372.02,PAID,True
INV387,2551.35,PAID,True
INV388,7952.72,PAID,True
INV389,93312.46,PENDING,True
INV390,3436.69,PAID,True
INV391,85553.63,PAID,True
INV392,4987.53,PAID,True
INV393,89645.93,PENDING,True
INV394,88178.1,PAID,True
INV395,9739.71,PENDING,True
INV396,11265.17,PAID,True
INV397,22248.86,PAID,True
INV398,93700.51,PAID,True
INV399,76199.24,PAID,True
INV400,17607.95,PAID,True
INV401,61553.2,PAID,True
INV402,80456.69,PAID,True
INV403,52613.94,PAID,True
INV404,42742.24,PAID,True
INV405,75160.04,PENDING,True
INV406,85687.03,PENDING,True
INV407,87781.9,PAID,True
INV408,14895.31,PENDING,True
INV409,78433.66,PAID,True
INV410,83960.71,PAID,True
INV411,37394.12,PAID,True
INV412,43715.45,PAID,True
INV413,61162.49,PENDING,True
INV414,37065.24,PAID,True
INV415,26715.22,PAID,True
INV416,84902.8,PENDING,True
INV417,81494.53,PAID,True
INV418,45051.44,PENDING,True
INV419,31994.99,PAID,True
INV420,80835.5,PAID,True
INV421,86790.77,PENDING,True
INV422,7738.53,PAID,True
INV423,59782.59,PAID,True
INV424,26147.66,PAID,True
INV425,94244.26,PAID,True
INV426,1838.34,PAID,True
INV427,84504.6,PAID,True
INV428,57126.25,PAID,True
INV429,38780.98,PAID,True
INV430,83746.29,PENDING,True
INV431,27144.22,PAID,True
INV432,95330.16,PAID,True
INV433,35823.52,PAID,True
INV434,18750.29,PAID,True
INV435,95138.5,PENDING,True
INV436,53073.04,PAID,True
INV437,88118.36,PAID,True
INV438,87258.97,PAID,True
INV439,8588.91,PAID,True
INV440,77236.91,PAID,True
INV441,19346.15,PAID,True
INV442,70772.77,PAID,True
INV443,87248.06,PAID,True
INV444,85523.84,PAID,True
INV445,51244.14,PENDING,True
INV446,12767.9,PENDING,True
INV447,62126.91,PAID,True
INV448,18408.78,PAID,True
INV449,85760.17,PAID,True
INV450,36514.94,PAID,True
INV451,94015.04,PAID,True
INV452,92810.53,PAID,True
INV453,73649.05,PAID,True
INV454,77406.75,PAID,True
INV455,37153.7,PAID,True
INV456,95233.08,PENDING,True
INV457,74062.13,PENDING,True
INV458,94807.19,PENDING,True
INV459,36021.3,PAID,True
INV460,30559.69,PENDING,True
INV461,33587.1,PAID,True
INV462,92495.78,PAID,True
INV463,64990.03,PENDING,True
INV464,57997.26,PAID,True
INV465,24286.46,PAID,True
INV466,51583.35,PAID,True
INV467,60588.07,PAID,True
INV468,94788.22,PAID,True
INV469,66295.94,PENDING,True
INV470,44849.27,PAID,True
INV471,7909.95,PENDING,True
INV472,27988.17,PAID,True
INV473,67965.06,PAID,True
INV474,35553.0,PAID,True
INV475,48012.44,PENDING,True
INV476,51253.39,PAID,True
INV477,83803.25,PAID,True
INV478,7913.94,PAID,True
INV479,62401.76,PENDING,True
INV480,79481.1,PAID,True
INV481,27415.26,PAID,True
INV482,97867.46,PAID,True
INV483,21252.99,PAID,True
INV484,68230.67,PAID,True
INV485,88792.36,PENDING,True
INV486,24032.68,PAID,True
INV487,57470.14,PENDING,True
INV488,78266.86,PAID,True
INV489,27431.54,PENDING,True
INV490,17357.31,PAID,True
INV491,87299.88,PAID,True
INV492,64250.91,PAID,True
INV493,99808.49,PAID,True
INV494,42324.23,PENDING,True
INV495,40581.42,PAID,True
INV496,5665.84,PAID,True
INV497,31223.26,PAID,True
INV498,29589.66,PENDING,True
INV499,90490.89,PAID,True
INV500,64778.45,PAID,True
INV501,98510.15,PAID,True
INV502,63114.94,PAID,True
INV503,93734.66,PAID,True
INV504,75551.1,PAID,True
INV505,1678.0,PAID,True
INV506,71134.8,PENDING,True
INV507,35019.07,PENDING,True
INV508,95945.28,PAID,True
INV509,72242.16,PAID,True
INV510,66417.94,PAID,True
INV511,41407.94,PAID,True
INV512,29811.41,PAID,True
INV513,86642.89,PENDING,True
INV514,18209.5,PAID,True
INV515,29318.61,PAID,True
INV516,32870.3,PAID,True
INV517,11032.42,PAID,True
INV518,47224.26,PAID,True
INV519,82627.95,PAID,True
INV520,60172.8,PAID,True
INV521,18964.25,PAID,True
INV522,18754.74,PENDING,True
INV523,55546.51,PAID,True
INV524,18231.94,PAID,True
INV525,84945.98,PAID,True
INV526,59312.55,PAID,True
INV527,46222.71,PENDING,True
INV528,31914.18,PAID,True
INV529,19922.91,PENDING,True
INV530,16654.81,PENDING,True
INV531,26615.85,PAID,True
INV532,19896.58,PAID,True
INV533,10963.6,PAID,True
INV534,1302.25,PAID,True
INV535,31087.5,PAID,True
INV536,57167.6,PAID,True
INV537,18353.73,PAID,True
INV538,81543.18,PAID,True
INV539,73908.14,PAID,True
INV540,9608.5,PAID,True
INV541,56668.64,PAID,True
INV542,68726.34,PAID,True
INV543,20031.15,PENDING,True
INV544,43957.96,PAID,True
INV545,50855.78,PENDING,True
INV546,17427.67,PAID,True
INV547,47662.39,PAID,True
INV548,8737.43,PAID,True
INV549,35943.49,PAID,True
INV550,3039.34,PAID,True
INV551,67607.55,PAID,True
INV552,13582.99,PAID,True
INV553,22174.83,PENDING,True
INV554,80934.78,PENDING,True
INV555,48416.75,PAID,True
INV556,32188.51,PAID,True
INV557,72886.74,PENDING,True
INV558,18839.44,PAID,True
INV559,83980.06,PAID,True
INV560,5185.98,PAID,True
INV561,8022.86,PENDING,True
INV562,14542.37,PAID,True
INV563,83343.84,PAID,True
INV564,30137.47,PAID,True
INV565,40867.76,PAID,True
INV566,86496.14,PAID,True
INV567,62989.45,PAID,True
INV568,2711.79,PAID,True
INV569,7976.85,PAID,True
INV570,72937.54,PENDING,True
INV571,16824.37,PENDING,True
INV572,69794.35,PENDING,True
INV573,13976.85,PENDING,True
INV574,42265.27,PENDING,True
INV575,49604.09,PAID,True
INV576,33097.2,PENDING,True
INV577,94306.05,PAID,True
INV578,19684.48,PAID,True
INV579,76003.73,PENDING,True
INV580,76269.45,PAID,True
INV581,70863.33,PENDING,True
INV582,8485.84,PENDING,True
INV583,74463.49,PAID,True
INV584,66156.95,PAID,True
INV585,34655.48,PAID,True
INV586,87137.0,PAID,True
INV587,9698.72,PAID,True
INV588,89723.92,PAID,True
INV589,61974.52,PENDING,True
INV590,10574.34,PAID,True
INV591,95561.18,PAID,True
INV592,34735.54,PAID,True
INV593,89738.48,PAID,True
INV594,71920.65,PENDING,True
INV595,73646.72,PENDING,True
INV596,99910.65,PENDING,True
INV597,93999.47,PENDING,True
INV598,38755.58,PENDING,True
INV599,43473.22,PENDING,True
INV600,69547.84,PENDING,True
INV601,84048.51,PAID,True
INV602,77587.96,PENDING,True
INV603,83309.47,PAID,True
INV604,78823.85,PAID,True
INV605,9530.71,PENDING,True
INV606,95839.58,PAID,True
INV607,94901.14,PAID,True
INV608,34620.4,PENDING,True
INV609,81957.85,PAID,True
INV610,77676.44,PENDING,True
INV611,67668.15,PAID,True
INV612,66274.65,PAID,True
INV613,89850.34,PENDING,True
INV614,80438.89,PAID,True
INV615,72034.14,PENDING,True
INV616,50978.62,PAID,True
INV617,96433.95,PAID,True
INV618,29373.08,PENDING,True
INV619,19242.66,PAID,True
INV620,24968.59,PAID,True
INV621,89342.31,PAID,True
INV622,83121.76,PENDING,True
INV623,68469.59,PAID,True
INV624,50170.65,PAID,True
INV625,90651.71,PENDING,True
INV626,48577.66,PAID,True
INV627,30186.68,PAID,True
INV628,3414.89,PENDING,True
INV629,80129.64,PAID,True
INV630,43773.26,PENDING,True
INV631,22787.78,PENDING,True
INV632,75855.11,PAID,True
INV633,50733.36,PENDING,True
INV634,1421.1,PAID,True
INV635,60689.28,PAID,True
INV636,14066.38,PAID,True
INV637,65271.82,PAID,True
INV638,54653.46,PAID,True
INV639,60263.81,PAID,True
INV640,92049.31,PAID,True
INV641,40454.68,PAID,True
INV642,70969.98,PAID,True
INV643,72812.52,PAID,True
INV644,30804.38,PENDING,True
INV645,13644.57,PAID,True
INV646,2428.38,PAID,True
INV647,29336.62,PAID,True
INV648,34915.71,PENDING,True
INV649,87092.27,PAID,True
INV650,51587.88,PAID,True
INV651,63627.14,PAID,True
INV652,31176.29,PAID,True
INV653,47425.8,PAID,True
INV654,17903.26,PENDING,True
INV655,47383.4,PAID,True
INV656,6251.9,PAID,True
INV657,4477.16,PAID,True
INV658,88564.86,PAID,True
INV659,66159.5,PAID,True
INV660,94872.69,PAID,True
INV661,15166.36,PENDING,True
INV662,19727.09,PAID,True
INV663,34080.65,PAID,True
INV664,27733.92,PAID,True
INV665,51933.88,PAID,True
INV666,94245.58,PAID,True
INV667,83967.45,PAID,True
INV668,77687.52,PENDING,True
INV669,38766.38,PAID,True
INV670,70731.35,PAID,True
INV671,47984.55,PAID,True
INV672,44934.03,PAID,True
INV673,78611.68,PAID,True
INV674,45757.69,PENDING,True
INV675,20191.14,PAID,True
INV676,12599.19,PAID,True
INV677,23754.56,PAID,True
INV678,87882.8,PAID,True
INV679,49958.56,PAID,True
INV680,20223.39,PAID,True
INV681,99517.35,PAID,True
INV682,30742.54,PAID,True
INV683,54509.15,PAID,True
INV684,19544.77,PAID,True
INV685,59467.91,PENDING,True
INV686,82200.05,PENDING,True
INV687,50430.67,PAID,True
INV688,76418.54,PAID,True
INV689,71204.81,PENDING,True
INV690,39682.91,PAID,True
INV691,84172.15,PAID,True
INV692,63446.56,PAID,True
INV693,76526.0,PAID,True
INV694,11580.58,PAID,True
INV695,93656.05,PAID,True
INV696,14007.44,PAID,True
INV697,95767.97,PAID,True
INV698,9794.58,PAID,True
INV699,64169.36,PENDING,True
INV700,93772.71,PAID,True
INV701,49989.77,PENDING,True
INV702,78876.97,PENDING,True
INV703,59879.1,PAID,True
INV704,80754.05,PAID,True
INV705,23380.6,PAID,True
INV706,62872.49,PAID,True
INV707,56117.71,PENDING,True
INV708,17530.49,PAID,True
INV709,70310.58,PENDING,True
INV710,72750.66,PAID,True
INV711,86215.09,PAID,True
INV712,73329.88,PAID,True
INV713,75733.13,PAID,True
INV714,53339.99,PAID,True
INV715,18040.33,PAID,True
INV716,95718.55,PAID,True
INV717,75781.24,PENDING,True
INV718,6463.18,PAID,True
INV719,34479.56,PAID,True
INV720,21127.41,PAID,True
INV721,65764.69,PAID,True
INV722,67108.92,PAID,True
INV723,23680.01,PAID,True
INV724,50024.83,PAID,True
INV725,19535.28,PAID,True
INV726,36092.78,PAID,True
INV727,41110.11,PAID,True
INV728,91775.07,PAID,True
INV729,39203.03,PENDING,True
INV730,46631.0,PAID,True
INV731,91878.3,PAID,True
INV732,68235.59,PAID,True
INV733,95844.37,PENDING,True
INV734,33681.7,PAID,True
INV735,63169.01,PENDING,True
INV736,12908.58,PAID,True
INV737,33520.68,PAID,True
INV738,88998.8,PAID,True
INV739,36310.92,PENDING,True
INV740,43566.31,PAID,True
INV741,51230.58,PENDING,True
INV742,66513.46,PAID,True
INV743,22880.17,PAID,True
INV744,24574.69,PAID,True
INV745,1111.4,PAID,True
INV746,89551.94,PAID,True
INV747,16702.98,PAID,True
INV748,49709.56,PAID,True
INV749,60089.85,PENDING,True
INV750,61588.37,PAID,True
INV751,42305.04,PAID,True
INV752,47216.61,PAID,True
INV753,76874.41,PAID,True
INV754,65966.09,PENDING,True
INV755,85596.16,PENDING,True
INV756,42318.84,PAID,True
INV757,34897.29,PAID,True
INV758,72271.88,PAID,True
INV759,1679.39,PAID,True
INV760,91453.29,PAID,True
INV761,76160.09,PAID,True
INV762,57276.42,PAID,True
INV763,75264.96,PAID,True
INV764,68029.42,PAID,True
INV765,16809.16,PAID,True
INV766,39120.09,PENDING,True
INV767,60465.06,PENDING,True
INV768,69665.61,PAID,True
INV769,75777.08,PAID,True
INV770,39144.45,PAID,True
INV771,92303.27,PAID,True
INV772,1339.74,PAID,True
INV773,28455.58,PAID,True
INV774,45701.65,PENDING,True
INV775,3311.43,PAID,True
INV776,90378.27,PAID,True
INV777,37425.87,PAID,True
INV778,45296.3,PAID,True
INV779,96331.26,PENDING,True
INV780,81319.49,PAID,True
INV781,53322.49,PENDING,True
INV782,86871.44,PENDING,True
INV783,25610.67,PAID,True
INV784,8472.01,PAID,True
INV785,76515.53,PENDING,True
INV786,47261.42,PENDING,True
INV787,69647.96,PAID,True
INV788,94209.35,PAID,True
INV789,90670.61,PAID,True
INV790,92219.38,PAID,True
INV791,52847.46,PAID,True
INV792,22744.45,PAID,True
INV793,58589.97,PENDING,True
INV794,66533.2,PAID,True
INV795,71814.64,PAID,True
INV796,63511.35,PAID,True
INV797,80992.84,PAID,True
INV798,10776.61,PAID,True
INV799,28215.03,PENDING,True
INV800,65604.22,PAID,True
INV801,54163.5,PAID,True
INV802,34287.06,PAID,True
INV803,48402.61,PAID,True
INV804,24159.75,PAID,True
INV805,6294.5,PAID,True
INV806,31277.53,PAID,True
INV807,35557.97,PENDING,True
INV808,95311.84,PAID,True
INV809,63571.12,PAID,True
INV810,90757.59,PAID,True
INV811,84037.37,PENDING,True
INV812,93550.64,PENDING,True
INV813,86534.94,PAID,True
INV814,52769.21,PAID,True
INV815,28674.21,PAID,True
INV816,61463.56,PAID,True
INV817,32019.16,PAID,True
INV818,57976.25,PAID,True
INV819,47130.38,PAID,True
INV820,73633.76,PAID,True
INV821,10511.88,PAID,True
INV822,37970.87,PAID,True
INV823,72404.7,PAID,True
INV824,63500.14,PENDING,True
INV825,99501.31,PAID,True
INV826,48635.36,PAID,True
INV827,19445.43,PAID,True
INV828,40703.97,PAID,True
INV829,55013.21,PENDING,True
INV830,26598.93,PAID,True
INV831,34565.66,PAID,True
INV832,87828.46,PAID,True
INV833,37742.68,PAID,True
INV834,84381.22,PAID,True
INV835,91990.65,PAID,True
INV836,8041.91,PAID,True
INV837,44946.32,PAID,True
INV838,10346.08,PAID,True
INV839,49019.16,PAID,True
INV840,75426.37,PENDING,True
INV841,35861.38,PAID,True
INV842,57476.01,PENDING,True
INV843,91677.9,PENDING,True
INV844,63846.7,PENDING,True
INV845,31504.44,PENDING,True
INV846,11421.05,PAID,True
INV847,8298.48,PAID,True
INV848,92253.76,PAID,True
INV849,17897.44,PAID,True
INV850,24416.34,PAID,True
INV851,57408.33,PAID,True
INV852,13888.26,PAID,True
INV853,63513.76,PAID,True
INV854,61561.16,PENDING,True
INV855,31500.82,PAID,True
INV856,17054.6,PAID,True
INV857,44648.82,PAID,True
INV858,29447.79,PENDING,True
INV859,6427.18,PAID,True
INV860,75426.58,PAID,True
INV861,24386.68,PAID,True
INV862,1190.43,PAID,True
INV863,25845.49,PAID,True
INV864,68504.53,PENDING,True
INV865,69083.8,PENDING,True
INV866,91347.35,PAID,True
INV867,29514.96,PAID,True
INV868,40633.14,PENDING,True
INV869,57535.16,PAID,True
INV870,95367.82,PAID,True
INV871,49980.66,PAID,True
INV872,68878.03,PAID,True
INV873,40800.34,PENDING,True
INV874,80326.74,PAID,True
INV875,72653.87,PAID,True
INV876,73144.23,PAID,True
INV877,4315.48,PAID,True
INV878,79274.59,PAID,True
INV879,14043.99,PAID,True
INV880,62689.2,PAID,True
INV881,81356.24,PAID,True
INV882,37841.73,PAID,True
INV883,18923.15,PAID,True
INV884,6930.48,PENDING,True
INV885,5840.12,PAID,True
INV886,3644.05,PAID,True
INV887,45601.01,PAID,True
INV888,77428.71,PAID,True
INV889,30662.81,PENDING,True
INV890,87518.54,PENDING,True
INV891,64499.75,PAID,True
INV892,12763.35,PAID,True
INV893,14933.23,PAID,True
INV894,5940.87,PAID,True
INV895,80187.7,PENDING,True
INV896,54711.59,PAID,True
INV897,95806.33,PAID,True
INV898,63325.37,PAID,True
INV899,85450.43,PAID,True
INV900,56514.69,PAID,True
INV901,14937.39,PENDING,True
INV902,80169.25,PENDING,True
INV903,84793.91,PENDING,True
INV904,5592.32,PAID,True
INV905,10899.56,PAID,True
INV906,32926.9,PENDING,True
INV907,15899.03,PENDING,True
INV908,68355.25,PENDING,True
INV909,81814.31,PENDING,True
INV910,21468.23,PAID,True
INV911,16684.29,PAID,True
INV912,87544.05,PENDING,True
INV913,57062.6,PAID,True
INV914,46845.65,PAID,True
INV915,39728.41,PAID,True
INV916,60726.99,PAID,True
INV917,84363.18,PENDING,True
INV918,82516.37,PENDING,True
INV919,52286.51,PAID,True
INV920,76551.7,PENDING,True
INV921,47824.17,PAID,True
INV922,35488.52,PAID,True
INV923,48322.35,PAID,True
INV924,42870.55,PAID,True
INV925,34071.6,PAID,True
INV926,57841.31,PAID,True
INV927,68985.47,PAID,True
INV928,33676.39,PAID,True
INV929,14703.22,PENDING,True
INV930,9472.9,PENDING,True
INV931,90119.46,PAID,True
INV932,9507.87,PAID,True
INV933,71029.39,PAID,True
INV934,61876.25,PAID,True
INV935,4470.6,PAID,True
INV936,60304.76,PAID,True
INV937,67160.07,PAID,True
INV938,36157.76,PAID,True
INV939,86770.67,PAID,True
INV940,22287.77,PAID,True
INV941,80763.56,PAID,True
INV942,42968.81,PENDING,True
INV943,35935.24,PAID,True
INV944,32259.03,PENDING,True
INV945,46770.78,PAID,True
INV946,4937.66,PAID,True
INV947,20978.33,PENDING,True
INV948,10330.15,PAID,True
INV949,7471.71,PENDING,True
INV950,67243.98,PAID,True
INV951,77435.13,PAID,True
INV952,39798.63,PENDING,True
INV953,48908.51,PENDING,True
INV954,56745.71,PENDING,True
INV955,42014.14,PAID,True
INV956,74461.69,PAID,True
INV957,79809.89,PAID,True
INV958,16905.05,PAID,True
INV959,18607.35,PAID,True
INV960,92722.24,PENDING,True
INV961,21809.71,PAID,True
INV962,19379.87,PAID,True
INV963,43371.16,PAID,True
INV964,93942.05,PAID,True
INV965,86319.07,PENDING,True
INV966,18857.43,PAID,True
INV967,85207.43,PAID,True
INV968,31506.27,PENDING,True
INV969,80909.9,PAID,True
INV970,20800.28,PAID,True
INV971,34885.09,PAID,True
INV972,47566.79,PAID,True
INV973,85001.3,PAID,True
INV974,36015.4,PAID,True
INV975,63866.27,PENDING,True
INV976,78703.75,PAID,True
INV977,49148.23,PAID,True
INV978,85962.24,PAID,True
INV979,94082.7,PAID,True
INV980,14558.31,PAID,True
INV981,19116.83,PENDING,True
INV982,22990.52,PAID,True
INV983,27064.56,PAID,True
INV984,84815.6,PAID,True
INV985,53420.65,PAID,True
INV986,28606.56,PAID,True
INV987,6181.01,PAID,True
INV988,47708.16,PAID,True
INV989,56923.26,PENDING,True
INV990,17067.75,PAID,True
INV991,46428.03,PAID,True
INV992,67098.69,PENDING,True
INV993,37069.18,PAID,True
INV994,85881.99,PENDING,True
INV995,9962.94,PAID,True
INV996,56307.26,PAID,True
INV997,90052.22,PAID,True
INV998,56450.43,PENDING,True
INV999,30596.76,PENDING,True
INV1000,79305.15,PAID,True
INV1001,44892.17,PAID,True
INV1002,29765.6,PAID,True
INV1003,73019.16,PENDING,True
INV1004,51034.29,PENDING,True
INV1005,41610.58,PENDING,True
INV1006,11440.51,PENDING,True
INV1007,88446.69,PENDING,True
INV1008,86554.74,PAID,True
INV1009,63609.45,PAID,True
INV1010,89373.72,PENDING,True
INV1011,8583.22,PENDING,True
INV1012,71981.73,PENDING,True
INV1013,89709.83,PAID,True
INV1014,52458.52,PAID,True
INV1015,65693.48,PAID,True
INV1016,72190.0,PAID,True
INV1017,40069.59,PAID,True
INV1018,59528.27,PENDING,True
INV1019,16425.72,PAID,True
INV1020,57289.09,PAID,True
INV1021,13271.57,PAID,True
INV1022,25481.24,PAID,True
INV1023,44005.94,PENDING,True
INV1024,12396.73,PENDING,True
INV1025,96061.61,PENDING,True
INV1026,11397.71,PAID,True
INV1027,54666.04,PAID,True
INV1028,10772.32,PENDING,True
INV1029,56749.65,PAID,True
INV1030,85007.92,PAID,True
INV1031,85144.58,PENDING,True
INV1032,69724.63,PAID,True
INV1033,49973.03,PENDING,True
INV1034,93766.77,PAID,True
INV1035,18022.01,PAID,True
INV1036,4618.38,PAID,True
INV1037,44211.41,PAID,True
INV1038,96489.84,PAID,True
INV1039,35141.34,PENDING,True
INV1040,44937.64,PAID,True
INV1041,92436.44,PENDING,True
INV1042,94951.94,PAID,True
INV1043,93802.88,PAID,True
INV1044,8090.74,PAID,True
INV1045,82878.65,PAID,True
INV1046,83082.19,PAID,True
INV1047,24510.38,PAID,True
INV1048,77260.42,PAID,True
INV1049,91868.36,PAID,True
INV1050,96112.55,PAID,True
INV1051,8934.15,PAID,True
INV1052,50627.05,PAID,True
INV1053,10151.13,PAID,True
INV1054,20529.06,PAID,True
INV1055,90134.51,PAID,True
INV1056,12002.67,PENDING,True
INV1057,57907.12,PENDING,True
INV1058,95819.87,PAID,True
INV1059,29219.65,PENDING,True
INV1060,61238.48,PAID,True
INV1061,43524.94,PAID,True
INV1062,28831.96,PAID,True
INV1063,12794.65,PENDING,True
INV1064,97032.06,PAID,True
INV1065,16254.81,PAID,True
INV1066,42344.62,PAID,True
INV1067,68554.07,PAID,True
INV1068,55432.53,PAID,True
INV1069,55744.33,PAID,True
INV1070,17447.19,PAID,True
INV1071,44204.67,PAID,True
INV1072,29029.79,PAID,True
INV1073,37695.86,PAID,True
INV1074,65438.75,PENDING,True
INV1075,48591.27,PAID,True
INV1076,69595.49,PAID,True
INV1077,63390.72,PAID,True
INV1078,72201.38,PENDING,True
INV1079,42201.35,PENDING,True
INV1080,52242.21,PENDING,True
INV1081,14573.23,PAID,True
INV1082,45541.55,PAID,True
INV1083,37081.74,PENDING,True
INV1084,64413.61,PENDING,True
INV1085,34408.92,PENDING,True
INV1086,94226.42,PAID,True
INV1087,47638.34,PAID,True
INV1088,61666.59,PAID,True
INV1089,60910.67,PAID,True
INV1090,73131.4,PAID,True
INV1091,77811.16,PAID,True
INV1092,4241.89,PAID,True
INV1093,5368.78,PAID,True
INV1094,87337.73,PAID,True
INV1095,91099.11,PENDING,True
INV1096,5405.06,PAID,True
INV1097,43181.92,PENDING,True
INV1098,98919.7,PAID,True
INV1099,19021.64,PAID,True
INV1100,29456.68,PAID,True
INV1101,9552.81,PAID,True
INV1102,93073.9,PAID,True
INV1103,90059.32,PAID,True
INV1104,26771.22,PENDING,True
INV1105,37443.89,PAID,True
INV1106,93144.92,PAID,True
INV1107,53448.22,PAID,True
INV1108,36039.59,PENDING,True
INV1109,15018.93,PENDING,True
INV1110,84995.17,PAID,True
INV1111,70950.75,PENDING,True
INV1112,13089.69,PAID,True
INV1113,72747.57,PAID,True
INV1114,83527.28,PAID,True
INV1115,74974.98,PAID,True
INV1116,87721.96,PAID,True
INV1117,30808.17,PAID,True
INV1118,13653.2,PAID,True
INV1119,45969.55,PAID,True
INV1120,95487.26,PAID,True
INV1121,7380.34,PAID,True
INV1122,5691.14,PAID,True
INV1123,77897.3,PAID,True
INV1124,62048.8,PENDING,True
INV1125,39234.1,PAID,True
INV1126,29384.94,PAID,True
INV1127,63179.3,PAID,True
INV1128,2674.54,PENDING,True
INV1129,56085.58,PENDING,True
INV1130,54592.07,PAID,True
INV1131,64493.44,PAID,True
INV1132,9998.22,PAID,True
INV1133,36989.47,PAID,True
INV1134,63799.39,PAID,True
INV1135,5948.95,PENDING,True
INV1136,1414.78,PAID,True
INV1137,11582.27,PENDING,True
INV1138,83887.53,PAID,True
INV1139,94952.91,PENDING,True
INV1140,37701.6,PAID,True
INV1141,37354.21,PAID,True
INV1142,31309.36,PAID,True
INV1143,60897.13,PAID,True
INV1144,69377.48,PENDING,True
INV1145,76166.06,PENDING,True
INV1146,30861.83,PENDING,True
INV1147,45639.9,PAID,True
INV1148,4085.98,PENDING,True
INV1149,3575.78,PAID,True
INV1150,6757.2,PENDING,True
INV1151,21625.57,PAID,True
INV1152,18595.19,PAID,True
INV1153,46016.26,PAID,True
INV1154,50608.08,PAID,True
INV1155,7565.08,PENDING,True
INV1156,6448.38,PAID,True
INV1157,72425.25,PENDING,True
INV1158,78703.82,PAID,True
INV1159,58289.47,PENDING,True
INV1160,46940.72,PENDING,True
INV1161,49958.7,PAID,True
INV1162,32420.02,PAID,True
INV1163,50517.73,PAID,True
INV1164,7964.38,PENDING,True
INV1165,40971.52,PAID,True
INV1166,63473.31,PENDING,True
INV1167,17268.17,PAID,True
INV1168,65400.77,PAID,True
INV1169,63202.28,PAID,True
INV1170,72669.25,PAID,True
INV1171,94240.8,PAID,True
INV1172,19781.68,PAID,True
INV1173,7798.92,PENDING,True
INV1174,74796.82,PAID,True
INV1175,60146.88,PAID,True
INV1176,86498.81,PAID,True
INV1177,33440.36,PAID,True
INV1178,94105.57,PENDING,True
INV1179,56699.25,PAID,True
INV1180,33707.86,PAID,True
INV1181,49131.74,PAID,True
INV1182,43540.41,PAID,True
INV1183,74325.84,PENDING,True
INV1184,78750.46,PENDING,True
INV1185,49191.38,PENDING,True
INV1186,77262.23,PAID,True
INV1187,20542.15,PENDING,True
INV1188,59403.35,PAID,True
INV1189,84560.4,PAID,True
INV1190,93119.5,PENDING,True
INV1191,2844.61,PAID,True
INV1192,22110.96,PAID,True
INV1193,86626.25,PAID,True
INV1194,69069.21,PAID,True
INV1195,13849.07,PAID,True
INV1196,46438.63,PAID,True
INV1197,26325.11,PAID,True
INV1198,13475.27,PAID,True
INV1199,80117.66,PAID,True
INV1200,95469.97,PENDING,True
INV1201,86041.69,PAID,True
INV1202,52716.69,PAID,True
INV1203,86715.66,PAID,True
INV1204,34127.98,PAID,True
INV1205,19289.52,PAID,True
INV1206,73875.98,PAID,True
INV1207,50779.4,PAID,True
INV1208,48597.25,PENDING,True
INV1209,28703.82,PENDING,True
INV1210,43358.05,PAID,True
INV1211,2069.24,PAID,True
INV1212,64627.41,PAID,True
INV1213,78363.68,PAID,True
INV1214,1564.99,PAID,True
INV1215,49845.71,PAID,True
INV1216,63164.53,PAID,True
INV1217,58821.88,PAID,True
INV1218,97572.86,PENDING,True
INV1219,4874.42,PAID,True
INV1220,94382.08,PENDING,True
INV1221,34627.94,PAID,True
INV1222,40951.47,PAID,True
INV1223,94497.32,PAID,True
INV1224,40296.34,PAID,True
INV1225,10546.7,PAID,True
INV1226,72477.78,PENDING,True
INV1227,17283.69,PAID,True
INV1228,44187.81,PENDING,True
INV1229,54308.19,PAID,True
INV1230,39992.72,PAID,True
INV1231,64680.3,PAID,True
INV1232,31188.26,PAID,True
INV1233,31322.46,PAID,True
INV1234,48491.89,PENDING,True
INV1235,4474.49,PAID,True
INV1236,97587.48,PAID,True
INV1237,23034.92,PAID,True
INV1238,98078.25,PAID,True
INV1239,77410.68,PAID,True
INV1240,74993.32,PENDING,True
INV1241,9143.15,PENDING,True
INV1242,7092.53,PAID,True
INV1243,96255.8,PAID,True
INV1244,38373.81,PAID,True
INV1245,66418.79,PAID,True
INV1246,56322.01,PENDING,True
INV1247,26682.74,PENDING,True
INV1248,53948.23,PAID,True
INV1249,14246.92,PAID,True
INV1250,16072.7,PAID,True
INV1251,15113.95,PAID,True
INV1252,8308.05,PENDING,True
INV1253,38780.88,PAID,True
INV1254,81022.47,PAID,True
INV1255,31867.49,PAID,True
INV1256,69296.44,PAID,True
INV1257,35856.69,PAID,True
INV1258,67282.3,PENDING,True
INV1259,7260.63,PAID,True
INV1260,63195.82,PAID,True
INV1261,48786.3,PENDING,True
INV1262,18204.22,PENDING,True
INV1263,26129.78,PENDING,True
INV1264,9977.98,PAID,True
INV1265,21221.42,PAID,True
INV1266,24808.41,PAID,True
INV1267,19506.74,PAID,True
INV1268,5477.36,PAID,True
INV1269,39610.49,PAID,True
INV1270,10976.51,PAID,True
INV1271,75383.79,PAID,True
INV1272,22705.12,PAID,True
INV1273,16888.06,PENDING,True
INV1274,36868.62,PENDING,True
INV1275,20388.24,PAID,True
INV1276,2481.24,PAID,True
INV1277,14719.9,PAID,True
INV1278,93062.2,PAID,True
INV1279,8672.5,PENDING,True
INV1280,10384.99,PAID,True
INV1281,16915.13,PAID,True
INV1282,28305.89,PAID,True
INV1283,46604.14,PAID,True
INV1284,56954.92,PENDING,True
INV1285,74703.6,PAID,True
INV1286,92744.34,PAID,True
INV1287,86262.29,PENDING,True
INV1288,71100.96,PAID,True
INV1289,2658.39,PAID,True
INV1290,5863.03,PENDING,True
INV1291,78826.61,PAID,True
INV1292,91252.6,PAID,True
INV1293,52347.99,PAID,True
INV1294,33735.5,PAID,True
INV1295,7753.19,PAID,True
INV1296,94254.18,PENDING,True
INV1297,53297.04,PAID,True
INV1298,95594.17,PAID,True
INV1299,11189.21,PAID,True
INV1300,89091.01,PAID,True
INV1301,27914.66,PAID,True
INV1302,68791.83,PAID,True
INV1303,93368.67,PAID,True
INV1304,26816.29,PAID,True
INV1305,65364.55,PAID,True
INV1306,64068.16,PAID,True
INV1307,5818.34,PENDING,True
INV1308,51889.07,PENDING,True
INV1309,83456.77,PENDING,True
INV1310,40117.08,PENDING,True
INV1311,74845.5,PAID,True
INV1312,11181.14,PAID,True
INV1313,25205.32,PAID,True
INV1314,45338.37,PAID,True
INV1315,90098.14,PENDING,True
INV1316,71539.28,PAID,True
INV1317,81084.36,PAID,True
INV1318,27349.7,PAID,True
INV1319,12877.15,PAID,True
INV1320,2582.73,PENDING,True
INV1321,57108.41,PENDING,True
INV1322,4049.19,PAID,True
INV1323,47035.95,PAID,True
INV1324,98821.04,PAID,True
INV1325,24799.41,PAID,True
INV1326,93346.56,PAID,True
INV1327,41242.0,PENDING,True
INV1328,53499.42,PAID,True
INV1329,3903.8,PENDING,True
INV1330,72081.98,PAID,True
INV1331,42613.37,PENDING,True
INV1332,93849.43,PAID,True
INV1333,52674.76,PAID,True
INV1334,81229.8,PENDING,True
INV1335,60948.29,PAID,True
INV1336,20328.29,PAID,True
INV1337,84564.58,PAID,True
INV1338,58029.64,PAID,True
INV1339,12898.47,PENDING,True
INV1340,82847.93,PAID,True
INV1341,91018.38,PENDING,True
INV1342,41494.85,PAID,True
INV1343,64401.79,PAID,True
INV1344,98963.59,PENDING,True
INV1345,88367.5,PENDING,True
INV1346,49449.38,PAID,True
INV1347,63181.93,PAID,True
INV1348,22242.98,PAID,True
INV1349,38909.09,PAID,True
INV1350,78134.98,PAID,True
INV1351,27040.72,PAID,True
INV1352,33326.94,PAID,True
INV1353,92710.3,PAID,True
INV1354,2223.62,PAID,True
INV1355,97939.79,PAID,True
INV1356,13432.48,PAID,True
INV1357,51066.98,PENDING,True
INV1358,60736.48,PENDING,True
INV1359,20742.02,PAID,True
INV1360,77895.55,PAID,True
INV1361,33542.91,PENDING,True
INV1362,65759.0,PAID,True
INV1363,50744.64,PAID,True
INV1364,81591.6,PAID,True
INV1365,35063.96,PAID,True
INV1366,50059.69,PENDING,True
INV1367,1520.4,PAID,True
INV1368,55904.19,PAID,True
INV1369,3498.86,PENDING,True
INV1370,5263.4,PAID,True
INV1371,85075.59,PAID,True
INV1372,15508.12,PAID,True
INV1373,65409.27,PAID,True
INV1374,72556.61,PAID,True
INV1375,34474.87,PAID,True
INV1376,54969.61,PAID,True
INV1377,63917.44,PAID,True
INV1378,95139.54,PAID,True
INV1379,80302.39,PAID,True
INV1380,28433.2,PENDING,True
INV1381,62641.55,PENDING,True
INV1382,26446.08,PAID,True
INV1383,85307.16,PAID,True
INV1384,62631.74,PAID,True
INV1385,28229.71,PAID,True
INV1386,34770.43,PAID,True
INV1387,69599.34,PAID,True
INV1388,89776.68,PAID,True
INV1389,93279.22,PAID,True
INV1390,43665.5,PAID,True
INV1391,23296.03,PAID,True
INV1392,70288.25,PENDING,True
INV1393,87552.08,PAID,True
INV1394,94980.89,PAID,True
INV1395,92024.16,PENDING,True
INV1396,35193.44,PAID,True
INV1397,92228.89,PENDING,True
INV1398,87308.72,PENDING,True
INV1399,80964.06,PAID,True
INV1400,52964.17,PAID,True
INV1401,22613.5,PENDING,True
INV1402,11373.76,PAID,True
INV1403,15236.02,PAID,True
INV1404,99831.98,PAID,True
INV1405,2293.03,PAID,True
INV1406,52950.42,PENDING,True
INV1407,36138.96,PAID,True
INV1408,32622.71,PAID,True
INV1409,84721.25,PAID,True
INV1410,48053.02,PAID,True
INV1411,89992.35,PAID,True
INV1412,34074.35,PAID,True
INV1413,45536.6,PAID,True
INV1414,98707.72,PENDING,True
INV1415,75473.71,PAID,True
INV1416,20740.17,PENDING,True
INV1417,7102.59,PAID,True
INV1418,67530.5,PENDING,True
INV1419,82551.22,PAID,True
INV1420,97255.37,PAID,True
INV1421,43366.06,PAID,True
INV1422,48240.18,PAID,True
INV1423,36673.76,PAID,True
INV1424,45313.54,PENDING,True
INV1425,9519.98,PAID,True
INV1426,15874.94,PAID,True
INV1427,68049.8,PAID,True
INV1428,51829.7,PAID,True
INV1429,63904.84,PAID,True
INV1430,10987.62,PAID,True
INV1431,2782.18,PAID,True
INV1432,53992.87,PAID,True
INV1433,68101.5,PENDING,True
INV1434,43324.42,PAID,True
INV1435,68306.34,PAID,True
INV1436,32863.9,PENDING,True
INV1437,89708.63,PAID,True
INV1438,94995.07,PAID,True
INV1439,55740.82,PAID,True
INV1440,97801.02,PENDING,True
INV1441,17699.81,PENDING,True
INV1442,99540.6,PAID,True
INV1443,61015.76,PAID,True
INV1444,57797.1,PAID,True
INV1445,22884.8,PENDING,True
INV1446,73295.59,PAID,True
INV1447,76695.8,PENDING,True
INV1448,52835.29,PAID,True
INV1449,71481.55,PAID,True
INV1450,9517.47,PENDING,True
INV1451,3534.64,PAID,True
INV1452,57216.34,PENDING,True
INV1453,46615.9,PAID,True
INV1454,51968.89,PAID,True
INV1455,31213.72,PAID,True
INV1456,90681.87,PAID,True
INV1457,45058.6,PAID,True
INV1458,24670.97,PAID,True
INV1459,40170.96,PENDING,True
INV1460,9506.07,PAID,True
INV1461,38199.23,PENDING,True
INV1462,97016.2,PENDING,True
INV1463,18712.85,PENDING,True
INV1464,25515.36,PAID,True
INV1465,2838.79,PAID,True
INV1466,18624.87,PAID,True
INV1467,72487.21,PENDING,True
INV1468,6277.43,PAID,True
INV1469,35392.18,PAID,True
INV1470,24730.7,PAID,True
INV1471,7283.33,PAID,True
INV1472,91330.56,PAID,True
INV1473,17052.55,PENDING,True
INV1474,28507.24,PENDING,True
INV1475,41093.88,PENDING,True
INV1476,71243.06,PAID,True
INV1477,93583.52,PAID,True
INV1478,41144.12,PAID,True
INV1479,7820.71,PENDING,True
INV1480,49317.46,PAID,True
INV1481,1898.73,PAID,True
INV1482,40859.01,PAID,True
INV1483,9133.23,PAID,True
INV1484,23015.38,PENDING,True
INV1485,41667.36,PAID,True
INV1486,58638.97,PENDING,True
INV1487,23061.61,PENDING,True
INV1488,44611.92,PAID,True
INV1489,81615.7,PAID,True
INV1490,7525.25,PAID,True
INV1491,68557.2,PENDING,True
INV1492,71671.82,PAID,True
INV1493,54294.76,PAID,True
INV1494,66812.25,PENDING,True
INV1495,55201.49,PAID,True
INV1496,81874.82,PAID,True
INV1497,43957.83,PAID,True
INV1498,39691.67,PENDING,True
INV1499,34209.64,PAID,True
