company_id,invoice_id
C60,INV1014
C475,INV1151
C238,INV1122
C337,INV882
C430,INV79
C123,INV819
C51,INV1323
C55,INV791
C401,INV774
C54,INV883
C232,INV603
C232,INV1458
C232,INV1164
C232,INV339
C232,INV797
C232,INV532
C232,INV357
C232,INV748
C232,INV1199
C232,INV692
C232,INV979
C232,INV1357
C232,INV1211
C232,INV1258
C232,INV112
C232,INV1026
C232,INV1147
C232,INV1105
C232,INV1034
C232,INV687
C232,INV71
C232,INV705
C232,INV933
C232,INV1136
C232,INV1116
C232,INV119
C232,INV1344
C232,INV1047
C232,INV981
C232,INV383
C232,INV754
C232,INV697
C232,INV585
C232,INV1369
C232,INV6
C232,INV104
C232,INV1343
C232,INV970
C232,INV820
C232,INV1345
C232,INV510
C232,INV935
C232,INV235
C232,INV925
C232,INV850
C232,INV424
C232,INV615
C232,INV869
C232,INV277
C232,INV669
C232,INV440
C232,INV1179
C232,INV1310
C232,INV1374
C232,INV1278
C232,INV314
C232,INV1294
C232,INV762
C232,INV1115
C232,INV483
C232,INV855
C232,INV837
C232,INV772
C232,INV1472
C232,INV1185
C232,INV1036
C232,INV960
C232,INV1130
C232,INV621
C232,INV618
C232,INV3
C232,INV642
C232,INV947
C232,INV926
C232,INV36
C232,INV843
C232,INV1121
C232,INV52
C232,INV1192
C232,INV1128
C232,INV1459
C232,INV552
C232,INV134
C232,INV1156
C232,INV495
C232,INV144
C232,INV812
C232,INV256
C232,INV1198
C232,INV1486
C232,INV452
C232,INV1120
C232,INV1046
C232,INV11
C232,INV1106
C232,INV1162
C232,INV1288
C232,INV1360
C232,INV655
C232,INV93
C184,INV871
C184,INV862
C184,INV342
C184,INV338
C184,INV221
C184,INV503
C184,INV171
C184,INV515
C184,INV1463
C184,INV825
C184,INV524
C184,INV1268
C184,INV490
C184,INV1073
C184,INV689
C184,INV1264
C184,INV688
C184,INV1109
C184,INV1414
C184,INV538
C184,INV794
C184,INV763
C184,INV699
C184,INV567
C184,INV393
C184,INV878
C184,INV241
C184,INV67
C184,INV1279
C184,INV999
C184,INV399
C184,INV43
C184,INV682
C184,INV441
C184,INV649
C184,INV1460
C184,INV323
C184,INV472
C184,INV561
C184,INV103
C184,INV620
C184,INV1028
C184,INV1012
C184,INV577
C184,INV1413
C184,INV1131
C184,INV584
C184,INV968
C184,INV654
C184,INV1088
C184,INV63
C184,INV1178
C184,INV283
C184,INV1112
C184,INV911
C184,INV747
C184,INV1042
C184,INV310
C184,INV906
C184,INV1173
C184,INV223
C184,INV932
C184,INV401
C184,INV419
C184,INV1314
C184,INV1002
C184,INV724
C184,INV787
C184,INV1365
C184,INV889
C184,INV1062
C184,INV1276
C184,INV318
C184,INV86
C184,INV1434
C184,INV1239
C184,INV844
C184,INV195
C184,INV51
C184,INV1253
C184,INV668
C184,INV923
C184,INV117
C184,INV229
C184,INV875
C184,INV142
C184,INV548
C184,INV1291
C184,INV463
C184,INV455
C184,INV353
C184,INV1003
C184,INV492
C184,INV605
C184,INV1316
C184,INV995
C184,INV1354
C184,INV1061
C184,INV1234
C184,INV1338
C7,INV346
C127,INV1133
C3,INV1270
C257,INV982
C198,INV892
C449,INV610
C297,INV543
C356,INV1048
C121,INV443
C118,INV1176
C429,INV831
C499,INV1462
C480,INV370
C202,INV1175
C219,INV572
C65,INV1032
C262,INV160
C172,INV1319
C484,INV1430
C474,INV1070
C270,INV48
C240,INV1170
C199,INV651
C453,INV35
C98,INV840
C36,INV159
C118,INV910
C389,INV360
C469,INV149
C22,INV22
C277,INV1420
C410,INV954
C434,INV645
C446,INV809
C317,INV107
C403,INV806
C23,INV226
C189,INV267
C175,INV750
C295,INV445
C0,INV921
C0,INV89
C0,INV1119
C100,INV1104
C204,INV922
C0,INV47
C72,INV1167
C1,INV158
C1,INV460
C1,INV823
C1,INV274
C1,INV295
C1,INV293
C1,INV782
C1,INV220
C2,INV956
C2,INV630
C185,INV365
C86,INV324
C2,INV1328
C2,INV120
C119,INV139
C2,INV1029
C2,INV321
C2,INV154
C3,INV453
C3,INV1087
C3,INV594
C4,INV462
C4,INV904
C227,INV1402
C461,INV465
C4,INV42
C4,INV28
C156,INV1327
C4,INV701
C4,INV382
C4,INV768
C4,INV1090
C378,INV1389
C277,INV663
C494,INV559
C230,INV966
C435,INV864
C4,INV344
C5,INV380
C5,INV1007
C366,INV525
C5,INV1296
C5,INV1400
C103,INV1359
C431,INV972
C466,INV126
C5,INV1149
C2,INV438
C248,INV457
C291,INV1305
C234,INV836
C6,INV1230
C6,INV1301
C6,INV239
C5,INV983
C6,INV792
C160,INV961
C170,INV955
C6,INV163
C6,INV1404
C6,INV1254
C6,INV442
C55,INV262
C196,INV518
C85,INV37
C464,INV278
C426,INV1347
C225,INV1226
C7,INV848
C245,INV716
C7,INV928
C7,INV713
C8,INV745
C8,INV1479
C341,INV473
C217,INV60
C8,INV1065
C188,INV343
C176,INV1030
C8,INV427
C346,INV742
C133,INV709
C8,INV712
C8,INV1450
C8,INV1262
C300,INV565
C8,INV1126
C9,INV237
C9,INV1141
C9,INV1350
C9,INV232
C9,INV449
C394,INV1050
C9,INV826
C9,INV600
C84,INV656
C9,INV111
C9,INV851
C185,INV508
C9,INV587
C9,INV1236
C9,INV888
C9,INV937
C9,INV733
C26,INV384
C9,INV216
C48,INV596
C10,INV96
C10,INV57
C208,INV116
C343,INV1299
C217,INV102
C10,INV129
C10,INV895
C484,INV563
C10,INV1469
C10,INV785
C111,INV118
C10,INV715
C55,INV1263
C10,INV870
C156,INV1009
C10,INV900
C285,INV1454
C72,INV842
C80,INV1427
C264,INV1168
C226,INV1348
C11,INV167
C469,INV368
C11,INV270
C214,INV1317
C273,INV269
C11,INV1205
C11,INV1208
C313,INV1284
C10,INV1417
C183,INV1018
C96,INV959
C198,INV1293
C27,INV1382
C12,INV740
C265,INV178
C40,INV1155
C13,INV703
C13,INV1161
C13,INV87
C14,INV695
C14,INV145
C383,INV180
C431,INV706
C25,INV32
C151,INV271
C394,INV44
C404,INV1361
C14,INV1089
C14,INV934
C193,INV813
C14,INV1306
C15,INV666
C15,INV309
C15,INV950
C15,INV626
C15,INV1439
C103,INV599
C177,INV865
C15,INV1096
C378,INV1342
C15,INV766
C15,INV41
C261,INV417
C15,INV1200
C15,INV568
C15,INV725
C319,INV376
C15,INV936
C15,INV1266
C194,INV254
C137,INV694
C3,INV1451
C462,INV1229
C15,INV723
C15,INV1124
C16,INV553
C203,INV300
C400,INV1118
C342,INV196
C326,INV576
C109,INV629
C16,INV214
C296,INV4
C439,INV905
C16,INV996
C16,INV793
C16,INV931
C140,INV1318
C240,INV1207
C55,INV275
C16,INV307
C51,INV1079
C291,INV779
C16,INV260
C201,INV1051
C17,INV1390
C397,INV77
C17,INV1432
C17,INV45
C2,INV1475
C277,INV19
C452,INV301
C17,INV1217
C17,INV177
C335,INV602
C17,INV153
C17,INV385
C361,INV536
C229,INV251
C17,INV306
C215,INV202
C18,INV556
C9,INV1232
C246,INV1146
C18,INV53
C18,INV317
C463,INV919
C290,INV1449
C18,INV1321
C119,INV470
C225,INV993
C28,INV1399
C266,INV555
C18,INV0
C154,INV125
C396,INV366
C67,INV914
C18,INV770
C140,INV625
C18,INV137
C18,INV1320
C18,INV1195
C18,INV903
C18,INV1289
C18,INV90
C19,INV151
C335,INV589
C341,INV522
C220,INV558
C470,INV1315
C20,INV632
C20,INV962
C182,INV964
C449,INV1086
C21,INV336
C60,INV1202
C65,INV1447
C21,INV634
C107,INV168
C167,INV554
C21,INV752
C322,INV512
C484,INV155
C344,INV1436
C250,INV9
C348,INV810
C394,INV1392
C21,INV673
C21,INV1125
C21,INV212
C373,INV1376
C22,INV638
C484,INV243
C287,INV326
C22,INV245
C140,INV1080
C351,INV349
C22,INV391
C22,INV1282
C22,INV1499
C331,INV598
C23,INV291
C23,INV194
C382,INV802
C23,INV1214
C23,INV24
C98,INV569
C23,INV94
C23,INV930
C17,INV355
C479,INV764
C26,INV1435
C23,INV1313
C383,INV912
C23,INV707
C23,INV1142
C23,INV1067
C386,INV631
C24,INV658
C341,INV224
C452,INV1035
C297,INV1243
C24,INV1058
C378,INV1068
C92,INV219
C81,INV670
C24,INV1325
C24,INV466
C49,INV1411
C200,INV1064
C179,INV1135
C24,INV331
C57,INV901
C476,INV1013
C24,INV381
C24,INV708
C221,INV10
C75,INV406
C335,INV1332
C25,INV148
C25,INV188
C25,INV174
C257,INV282
C25,INV1304
C25,INV1172
C26,INV681
C262,INV751
C423,INV827
C21,INV684
C340,INV315
C172,INV755
C25,INV467
C25,INV191
C25,INV348
C198,INV894
C437,INV976
C25,INV354
C25,INV184
C25,INV165
C411,INV280
C411,INV1221
C26,INV319
C26,INV1053
C26,INV109
C26,INV290
C287,INV175
C16,INV832
C26,INV1099
C38,INV795
C26,INV1393
C27,INV1426
C27,INV1129
C27,INV1165
C313,INV1492
C27,INV1295
C27,INV297
C27,INV957
C27,INV977
C243,INV1189
C27,INV521
C27,INV652
C27,INV1022
C145,INV975
C377,INV1491
C247,INV352
C194,INV364
C28,INV74
C434,INV1497
C244,INV1391
C28,INV1287
C8,INV1094
C28,INV946
C28,INV505
C129,INV1311
C467,INV1384
C438,INV222
C496,INV289
C28,INV1245
C29,INV1457
C180,INV217
C29,INV396
C29,INV1055
C269,INV1260
C16,INV1292
C370,INV1388
C223,INV1283
C442,INV504
C48,INV1220
C29,INV7
C29,INV1021
C29,INV425
C29,INV635
C91,INV398
C30,INV551
C123,INV846
C30,INV31
C478,INV824
C33,INV1025
C85,INV1066
C30,INV1231
C30,INV59
C30,INV640
C30,INV78
C40,INV549
C30,INV886
C161,INV570
C42,INV1152
C186,INV814
C30,INV161
C30,INV228
C30,INV386
C472,INV351
C31,INV545
C440,INV1011
C31,INV34
C414,INV994
C330,INV1355
C408,INV835
C31,INV170
C31,INV362
C252,INV1312
C394,INV85
C32,INV454
C93,INV61
C85,INV796
C206,INV135
C5,INV637
C32,INV591
C32,INV590
C32,INV704
C32,INV822
C32,INV304
C32,INV402
C314,INV726
C33,INV479
C33,INV1203
C483,INV482
C33,INV418
C75,INV279
C411,INV150
C33,INV27
C33,INV423
C374,INV811
C440,INV1206
C348,INV1394
C114,INV1326
C34,INV83
C133,INV1084
C35,INV1269
C35,INV359
C35,INV215
C35,INV273
C35,INV426
C425,INV461
C379,INV948
C391,INV872
C365,INV121
C35,INV633
C35,INV242
C358,INV488
C285,INV1308
C315,INV517
C35,INV1006
C36,INV1233
C171,INV400
C10,INV173
C36,INV758
C36,INV873
C36,INV1383
C220,INV1150
C37,INV415
C37,INV803
C306,INV711
C439,INV644
C37,INV805
C37,INV938
C57,INV1184
C38,INV868
C38,INV430
C402,INV1159
C38,INV1010
C38,INV25
C79,INV1033
C38,INV1132
C38,INV231
C385,INV1330
C38,INV1204
C115,INV108
C38,INV18
C38,INV13
C305,INV130
C162,INV407
C281,INV611
C39,INV1407
C39,INV815
C268,INV1331
C41,INV486
C354,INV379
C406,INV1139
C350,INV1163
C39,INV580
C149,INV100
C39,INV1057
C39,INV1256
C40,INV741
C40,INV1488
C291,INV761
C40,INV749
C40,INV1408
C463,INV1060
C99,INV1222
C40,INV1069
C40,INV476
C222,INV698
C163,INV718
C40,INV1001
C205,INV775
C385,INV95
C40,INV1191
C40,INV98
C40,INV648
C40,INV1101
C70,INV1039
C107,INV965
C40,INV1297
C40,INV1496
C40,INV499
C23,INV858
C41,INV529
C153,INV358
C41,INV429
C476,INV55
C41,INV998
C133,INV325
C41,INV1049
C410,INV1280
C23,INV1072
C41,INV1386
C42,INV192
C156,INV414
C42,INV421
C39,INV1237
C51,INV200
C42,INV21
C432,INV974
C42,INV494
C42,INV1339
C42,INV1166
C148,INV182
C42,INV69
C456,INV885
C42,INV143
C276,INV817
C168,INV777
C43,INV861
C456,INV1476
C43,INV481
C43,INV1303
C43,INV1358
C280,INV329
C43,INV920
C64,INV1174
C43,INV1421
C43,INV1474
C43,INV1255
C43,INV70
C5,INV929
C43,INV1171
C43,INV1037
C35,INV206
C43,INV583
C43,INV1249
C43,INV1107
C43,INV1219
C458,INV1423
C44,INV133
C44,INV916
C44,INV286
C199,INV1187
C212,INV1261
C44,INV1114
C363,INV641
C60,INV1385
C44,INV1110
C44,INV1333
C44,INV30
C443,INV531
C499,INV627
C44,INV276
C355,INV287
C335,INV1244
C45,INV685
C45,INV765
C45,INV1186
C45,INV520
C186,INV1097
C417,INV984
C8,INV1257
C45,INV539
C45,INV877
C50,INV1265
C45,INV1095
C45,INV917
C45,INV808
C45,INV980
C46,INV967
C61,INV739
C327,INV1349
C46,INV255
C474,INV744
C492,INV15
C341,INV1346
C323,INV1422
C434,INV172
C452,INV1406
C433,INV943
C58,INV54
C419,INV1071
C46,INV1298
C46,INV207
C344,INV334
C46,INV377
C46,INV477
C396,INV1148
C47,INV1489
C28,INV847
C10,INV1225
C3,INV560
C435,INV672
C206,INV1341
C47,INV866
C256,INV1362
C47,INV225
C78,INV1213
C48,INV489
C377,INV5
C48,INV613
C46,INV303
C155,INV123
C48,INV528
C48,INV608
C48,INV65
C48,INV1484
C48,INV147
C48,INV405
C83,INV1418
C49,INV574
C471,INV1363
C441,INV573
C49,INV1429
C448,INV896
C49,INV330
C221,INV1351
C49,INV1008
C49,INV246
C183,INV1471
C218,INV1031
C50,INV1123
C74,INV963
C347,INV852
C401,INV190
C405,INV550
C211,INV308
C129,INV496
C214,INV176
C100,INV1045
C50,INV773
C119,INV949
C50,INV450
C50,INV1267
C422,INV152
C50,INV1380
C166,INV1242
C197,INV566
C158,INV788
C52,INV860
C297,INV459
C52,INV138
C320,INV513
C52,INV347
C52,INV1378
C52,INV1041
C306,INV606
C203,INV1473
C52,INV16
C52,INV828
C52,INV1398
C215,INV863
C52,INV623
C464,INV909
C220,INV253
C52,INV756
C52,INV185
C52,INV1480
C232,INV678
C52,INV199
C436,INV597
C52,INV1481
C52,INV830
C52,INV874
C53,INV335
C53,INV945
C53,INV664
C53,INV1154
C53,INV446
C53,INV1353
C224,INV690
C53,INV263
C432,INV416
C53,INV619
C490,INV209
C53,INV397
C31,INV285
C491,INV208
C437,INV387
C53,INV1180
C434,INV1144
C53,INV720
C52,INV667
C53,INV784
C175,INV1177
C53,INV1324
C286,INV1440
C53,INV1286
C127,INV1063
C374,INV902
C56,INV250
C56,INV179
C332,INV218
C438,INV1433
C172,INV719
C56,INV345
C269,INV915
C56,INV244
C309,INV240
C56,INV1396
C51,INV75
C56,INV616
C56,INV1443
C223,INV700
C139,INV546
C336,INV484
C56,INV234
C56,INV918
C245,INV595
C203,INV1043
C57,INV1005
C102,INV1464
C438,INV674
C434,INV927
C57,INV1368
C491,INV491
C57,INV1465
C169,INV1352
C287,INV302
C225,INV714
C57,INV68
C272,INV816
C285,INV1027
C57,INV1482
C260,INV893
C58,INV227
C242,INV1082
C58,INV124
C282,INV193
C492,INV259
C91,INV1356
C456,INV562
C470,INV753
C58,INV853
C449,INV646
C58,INV891
C8,INV1397
C58,INV464
C410,INV1227
C58,INV541
C38,INV363
C403,INV1247
C123,INV502
C58,INV771
C483,INV88
C58,INV1309
C58,INV1470
C397,INV296
C194,INV203
C59,INV944
C241,INV1056
C52,INV530
C59,INV471
C59,INV799
C59,INV272
C392,INV58
C59,INV1024
C59,INV727
C466,INV535
C348,INV1490
C61,INV264
C398,INV1083
C396,INV767
C61,INV1340
C61,INV434
C61,INV340
C61,INV238
C386,INV478
C61,INV760
C61,INV969
C61,INV1438
C61,INV1111
C61,INV1074
C209,INV1442
C274,INV511
C321,INV1228
C61,INV333
C398,INV76
C61,INV458
C61,INV942
C62,INV1334
C62,INV683
C62,INV1052
C226,INV113
C108,INV1495
C256,INV514
C62,INV657
C62,INV40
C175,INV46
C399,INV1467
C126,INV798
C62,INV84
C62,INV1285
C200,INV804
C381,INV829
C63,INV469
C340,INV607
C63,INV737
C409,INV1181
C187,INV1466
C63,INV292
C259,INV169
C146,INV1431
C63,INV1183
C85,INV781
C63,INV247
C382,INV581
C366,INV265
C292,INV332
C64,INV1446
C64,INV702
C16,INV162
C65,INV1456
C182,INV498
C65,INV1215
C65,INV1375
C65,INV456
C65,INV266
C65,INV728
C479,INV571
C65,INV1127
C65,INV164
C284,INV474
C322,INV122
C220,INV1077
C233,INV1038
C66,INV821
C66,INV186
C66,INV1416
C66,INV1193
C66,INV1059
C406,INV97
C217,INV388
C169,INV1017
C66,INV639
C393,INV1241
C66,INV49
C66,INV197
C116,INV395
C66,INV1134
C470,INV759
C66,INV519
C66,INV410
C70,INV643
C56,INV99
C490,INV198
C1,INV1494
C439,INV327
C425,INV82
C103,INV299
C248,INV542
C458,INV356
C67,INV92
C26,INV1153
C333,INV501
C67,INV833
C67,INV564
C67,INV1415
C67,INV1054
C67,INV328
C321,INV1078
C360,INV1367
C350,INV201
C67,INV33
C67,INV676
C310,INV1224
C67,INV480
C67,INV420
C319,INV1091
C68,INV1015
C465,INV1157
C496,INV534
C68,INV1366
C68,INV1020
C219,INV989
C37,INV1373
C30,INV1210
C395,INV204
C211,INV140
C213,INV1424
C68,INV1240
C451,INV801
C219,INV39
C294,INV394
C68,INV734
C386,INV374
C68,INV439
C52,INV859
C476,INV475
C155,INV1235
C68,INV367
C320,INV1188
C371,INV157
C428,INV1145
C69,INV80
C245,INV436
C69,INV392
C369,INV412
C69,INV1487
C69,INV1478
C90,INV1
C46,INV540
C157,INV575
C424,INV987
C70,INV839
C70,INV971
C67,INV1246
C11,INV636
C343,INV1335
C446,INV261
C70,INV985
C70,INV679
C70,INV951
C355,INV448
C70,INV736
C439,INV854
C71,INV73
C465,INV233
C438,INV1238
C71,INV428
C71,INV248
C71,INV769
C71,INV991
C308,INV601
C48,INV1250
C71,INV609
C71,INV1158
C304,INV81
C429,INV790
C9,INV940
C193,INV115
C72,INV91
C432,INV1371
C72,INV516
C389,INV1223
C72,INV506
C72,INV213
C72,INV493
C72,INV20
C72,INV26
C170,INV1329
C72,INV939
C253,INV973
C72,INV671
C72,INV258
C72,INV1277
C425,INV1377
C120,INV880
C276,INV1412
C73,INV350
C73,INV1196
C73,INV166
C73,INV691
C73,INV411
C274,INV110
C201,INV1209
C74,INV509
C151,INV378
C368,INV288
C74,INV653
C74,INV132
C85,INV422
C428,INV500
C247,INV389
C74,INV884
C183,INV1409
C75,INV604
C75,INV675
C75,INV1455
C75,INV1108
C75,INV447
C75,INV1085
C253,INV1259
C83,INV660
C75,INV66
C75,INV890
C121,INV838
C246,INV677
C75,INV211
C76,INV738
C30,INV731
C76,INV1483
C357,INV305
C76,INV1498
C76,INV114
C76,INV1182
C76,INV403
C76,INV468
C489,INV818
C76,INV1252
C76,INV845
C76,INV230
C76,INV617
C298,INV897
C100,INV373
C77,INV409
C25,INV1437
C77,INV680
C477,INV1093
C20,INV1302
C77,INV1194
C77,INV849
C241,INV582
C78,INV1271
C487,INV56
C172,INV64
C78,INV507
C399,INV236
C78,INV371
C247,INV1076
C437,INV320
C435,INV533
C463,INV729
C79,INV592
C324,INV361
C3,INV487
C57,INV497
C79,INV1441
C79,INV1300
C422,INV614
C216,INV881
C385,INV650
C79,INV732
C79,INV451
C455,INV23
C477,INV106
C294,INV579
C420,INV408
C169,INV413
C80,INV527
C228,INV997
C80,INV789
C80,INV252
C81,INV1040
C81,INV1419
C81,INV612
C374,INV281
C114,INV547
C81,INV856
C81,INV1081
C81,INV1100
C81,INV375
C81,INV1117
C81,INV1370
C81,INV647
C153,INV1468
C81,INV686
C81,INV433
C94,INV1016
C81,INV722
C82,INV1395
C82,INV899
C82,INV311
C82,INV898
C346,INV187
C173,INV537
C82,INV341
C62,INV958
C443,INV1212
C82,INV156
C113,INV1251
C82,INV1485
C360,INV1428
C485,INV485
C83,INV622
C83,INV1103
C83,INV268
C58,INV867
C83,INV1448
C375,INV181
C209,INV1364
C83,INV14
C83,INV128
C83,INV952
C83,INV1381
C83,INV50
C83,INV1190
C83,INV1138
C83,INV913
C84,INV1273
C84,INV1477
C84,INV693
C350,INV800
C84,INV978
C84,INV661
C10,INV735
C84,INV2
C234,INV857
C84,INV372
C411,INV1275
C72,INV105
C185,INV101
C85,INV1044
C447,INV249
C85,INV876
C309,INV1160
C85,INV990
C85,INV131
C85,INV717
C496,INV710
C163,INV659
C86,INV953
C86,INV8
C447,INV1337
C86,INV294
C224,INV834
C87,INV992
C53,INV1248
C87,INV404
C76,INV526
C87,INV624
C63,INV1405
C67,INV298
C255,INV807
C249,INV1019
C466,INV1290
C385,INV988
C179,INV38
C87,INV322
C88,INV841
C373,INV437
C57,INV435
C468,INV586
C88,INV316
C64,INV941
C88,INV544
C353,INV205
C345,INV1197
C88,INV210
C177,INV730
C5,INV776
C88,INV986
C160,INV665
C88,INV146
C88,INV284
C88,INV887
C89,INV1452
C89,INV1307
C89,INV593
C371,INV337
C12,INV778
C89,INV1143
C89,INV1140
C89,INV628
C4,INV1137
C361,INV1092
C11,INV743
C454,INV72
C90,INV757
C90,INV257
C90,INV1401
C440,INV1336
C317,INV780
C103,INV1000
C90,INV12
C90,INV1216
C90,INV1410
C73,INV783
C439,INV696
C90,INV1453
C323,INV1387
C106,INV662
C90,INV1461
C123,INV879
C47,INV1004
C334,INV1445
C183,INV1281
C90,INV908
C90,INV136
C45,INV444
C91,INV557
C228,INV390
C91,INV17
C91,INV1102
C341,INV313
C91,INV1113
C183,INV1274
C490,INV1169
C91,INV1218
C91,INV127
C91,INV907
C91,INV746
C198,INV141
C455,INV1372
C91,INV523
C294,INV312
C92,INV432
C387,INV189
C156,INV183
C117,INV721
C260,INV29
C207,INV1075
C93,INV1023
C162,INV1493
C245,INV1403
C93,INV1379
C119,INV578
C93,INV62
C175,INV369
C426,INV1322
C364,INV1272
C95,INV1444
C94,INV786
C94,INV431
C303,INV1201
C212,INV1425
C95,INV1098
C84,INV924
C95,INV588
